{
    "loss": 2.011654853820801,
    "accuracy": 0.8103448152542114
}