{
    "loss": 0.5335014462471008,
    "accuracy": 0.931034505367279
}