{
    "loss": 0.8509067296981812,
    "accuracy": 0.9051724076271057
}